﻿Designator,Footprint,Quantity,Value,LCSC Part #
"BT1, BT2",BatteryHolder_Keystone_2997_LR44,2,1.5,
"C1, C2, C3",C_Disc_D5.1mm_W3.2mm_P5.00mm,3,100n,
"D1, D2, D3, D4",LED_D3.0mm,4,LED,
Q3,TO-92_Inline,1,2N3906,
"Q4, Q5, Q6",TO-92_Inline,3,2N3904,
"R1, R4, R5",R_Axial_DIN0207_L6.3mm_D2.5mm_P10.16mm_Horizontal,3,10k,
"R10, R11, R2, R6, R9",R_Axial_DIN0207_L6.3mm_D2.5mm_P10.16mm_Horizontal,5,1k,
"R3, R7, R8",R_Axial_DIN0207_L6.3mm_D2.5mm_P10.16mm_Horizontal,3,1M,
SW1,SW_PUSH_6mm,1,SW Push 6mm,
